{
  "jetson_model": {
    "model_name": "XGBoost",
    "log_transform_target": false,
    "metrics": {
      "test_rmse": 177.3354262387419,
      "test_mae": 64.05754836018463,
      "test_mape": 74.63873005601464,
      "test_median_mape": 14.284043373048124,
      "test_r2": 0.9359319337824987,
      "test_pearson_r": 0.9747558382936197,
      "practical_rmse": 77.97525870303036,
      "practical_mape": 83.36391449115779,
      "practical_r2": 0.46213419723776983,
      "cv_rmse": 522.9330857461148,
      "cv_mape": 68.95492102178821,
      "cv_median_mape": 18.602941416374293,
      "cv_r2": 0.9359319337824987,
      "cv_mape_eps": 14.284043373048124,
      "cv_mean_mape": 74.63873005601464
    },
    "feature_count": 26
  },
  "rpi5_model": {
    "model_name": "XGBoost",
    "log_transform_target": false,
    "metrics": {
      "test_rmse": 5.62786887064023,
      "test_mae": 3.8321541715219536,
      "test_mape": 9.664885452058801,
      "test_median_mape": 8.870328064141034,
      "test_r2": 0.9826490691408787,
      "test_pearson_r": 0.9937209715482154,
      "cv_rmse": 11.465796737047354,
      "cv_mape": 13.217605075038538,
      "cv_r2": 0.900460965802648,
      "cv_mape_eps": 8.870328064141034
    },
    "feature_count": 26
  },
  "combined_test": {
    "n_total": 123,
    "n_jetson": 72,
    "n_rpi5": 51,
    "rmse": 135.7263136609,
    "mae": 39.08604345269035,
    "mape": 47.69835546413051,
    "median_mape": 12.039332147403721,
    "r2": 0.9553024533213392,
    "pearson_r": 0.982619430130891
  }
}