{
  "jetson_nano": {
    "p25": 29.98996075,
    "p50": 98.606651,
    "p75": 226.52004625
  },
  "raspberry_pi5": {
    "p25": 17.991197,
    "p50": 31.985519,
    "p75": 64.808209
  },
  "unified": {
    "p25": 22.268839,
    "p50": 51.586768,
    "p75": 128.932916
  }
}