approach,rmse,mae,mape_pct,smape_pct,r2
old_device_specific_extra_trees,142.65556725305606,32.7884447042978,16.717776548756305,15.88685323005897,0.7964953684548084
new_multidevice_extra_trees,192.41745859458786,36.32101971450341,18.922132330755666,18.167427815458996,0.6297579036810784
