approach,device_name,rmse,mae,mape_pct,smape_pct,r2
old_device_specific_extra_trees,Jetson Nano,185.69115177231907,51.29069814809519,20.169847622456917,18.371200001917828,0.7782988366622438
old_device_specific_extra_trees,Raspberry Pi 5,20.038423800889205,6.667616313054435,11.84426444470838,12.379540140375868,0.7485053858829471
new_multidevice_extra_trees,Jetson Nano,251.11947009776392,57.38112105255382,22.912070137754423,21.581166639490043,0.5945415791983419
new_multidevice_extra_trees,Raspberry Pi 5,16.341745460152477,6.589111943138115,13.289278956169193,13.348031828591642,0.832737548713722
